taxa,model_used,epbc_status,epbc_listed_name,npw_status,npw_listed_name,future_status,future_listed_name
Abutilon cryptopetalum,sdm,,,,,RA,Abutilon cryptopetalum ssp. Grey leaves (R.Bates 3115)
Acacia iteaphylla,sdm,,,R,Acacia iteaphylla,RA,Acacia iteaphylla
Acacia jennerae,sdm,,,R,Acacia jennerae,,
Acacia montana,sdm,,,R,Acacia montana,RA,Acacia montana
Acacia quornensis,sdm,,,R,Acacia quornensis,RA,Acacia quornensis
Acacia sericophylla,sdm,,,,,RA,Acacia sericophylla
Acacia tarculensis,sdm,,,,,,
Acacia toondulya,sdm,,,R,Acacia toondulya,VU,Acacia toondulya
Acacia validinervia,sdm,,,,,RA,Acacia validinervia
Acanthiza iredalei,sdm,,,R,Acanthiza iredalei iredalei,RA,Acanthiza iredalei iredalei
Acanthophis antarcticus,sdm,,,,,RA,Acanthophis antarcticus
Actitis hypoleucos,sdm,,,R,Actitis hypoleucos,RA,Actitis hypoleucos
Allocasuarina helmsii,sdm,,,,,RA,Allocasuarina helmsii
Allocasuarina muelleriana,ibra,,,,,RA,Allocasuarina muelleriana ssp. alticola
Alternanthera nana,sdm,,,,,RA,Alternanthera nana
Althenia australis,sdm,,,,,RA,Lepilaena australis
Amegilla flava,ibra,,,,,,
Amytornis merrotsyi,sdm,VU,Amytornis merrotsyi merrotsyi,V,Amytornis merrotsyi merrotsyi,VU,Amytornis merrotsyi merrotsyi
Amytornis merrotsyi,sdm,EN,Amytornis merrotsyi pedleri,E,Amytornis merrotsyi pedleri,VU,Amytornis merrotsyi pedleri
Amytornis modestus,epbc,VU,Amytornis modestus,,,,
Amytornis striatus,ibra,,,R,Amytornis striatus,VU,Amytornis striatus (NC)
Amytornis textilis,sdm,VU,Amytornis textilis myall,V,Amytornis textilis myall,RA,Amytornis textilis myall
Amytornis whitei,sdm,,,R,,,
Anacampseros australiana,sdm,,,,,RA,Anacampseros australiana
Androcalva multiloba,ibra,,,E,Androcalva multiloba,EN,Androcalva multiloba
Angianthus glabratus,sdm,,,,,RA,Angianthus glabratus
Anhinga novaehollandiae,sdm,,,R,Anhinga novaehollandiae novaehollandiae,,
Anogramma leptophylla,sdm,,,R,Anogramma leptophylla,,
Anthocercis anisantha,sdm,,,R,Anthocercis anisantha ssp. anisantha,RA,Anthocercis anisantha ssp. anisantha
Aphelocephala leucopsis,sdm,VU,Aphelocephala leucopsis,,,,
Aprasia pseudopulchella,epbc,VU,Aprasia pseudopulchella,,,,
Ardea intermedia,sdm,,,R,Ardea intermedia plumifera,RA,Ardea intermedia plumifera
Ardeotis australis,ibra,,,V,Ardeotis australis,EN,Ardeotis australis
Atherinosoma elongatum,ibra,,,,,,
Atriplex nessorhina,sdm,,,,,RA,Atriplex nessorhina
Austrostipa echinata,ibra,,,R,Austrostipa echinata,RA,Austrostipa echinata
Austrostipa nullanulla,sdm,,,V,Austrostipa nullanulla,RA,Austrostipa nullanulla
Austrostipa petraea,sdm,,,R,Austrostipa petraea,RA,Austrostipa petraea
Austrostipa plumigera,sdm,,,R,Austrostipa plumigera,,
Austrostipa vickeryana,sdm,,,R,Austrostipa vickeryana,RA,Austrostipa vickeryana
Biziura lobata,sdm,,,R,Biziura lobata menziesi,,
Boganium malleense,ibra,,,,,,
Botaurus poiciloptilus,sdm,EN,Botaurus poiciloptilus,E,Botaurus poiciloptilus,EN,Botaurus poiciloptilus
Brachyhesma minya,ibra,,,,,,
Brachyscome ciliaris,sdm,,,R,Brachyscome ciliaris var. subintegrifolia,,
Brachyscome debilis,sdm,,,,,RA,Brachyscome debilis
Brachyscome muelleri,epbc,EN,Brachyscome muelleri,E,Brachyscome muelleri,CR,Brachyscome muelleri
Braunsapis occidentalis,ibra,,,,,,
Burbunga gilmorei,ibra,,,,,,
Caladenia clavula,sdm,,,,,RA,Caladenia clavula
Caladenia coactilis,sdm,,,R,Caladenia coactilis,RA,Caladenia coactilis
Caladenia dilatata,sdm,,,E,Caladenia dilatata,VU,Caladenia dilatata
Caladenia filamentosa,sdm,,,,,CR,Caladenia filamentosa
Caladenia fuscata,sdm,,,,,RA,Caladenia fuscata
Caladenia pusilla,sdm,,,R,Caladenia pusilla,RA,Caladenia pusilla
Caladenia tensa,sdm,EN,Caladenia tensa,,,RA,Caladenia tensa
Caladenia toxochila,sdm,,,,,RA,Caladenia toxochila
Calamanthus campestris,sdm,,,,,RA,Calamanthus campestris campestris
Calandrinia sphaerophylla,ibra,,,R,Calandrinia sphaerophylla,,
Calandrinia volubilis,sdm,,,,,RA,Calandrinia volubilis
Calidris acuminata,sdm,VU,Calidris acuminata,,,,
Calidris canutus,epbc,VU,Calidris canutus,E,Calidris canutus rogersi,EN,Calidris canutus rogersi
Calidris ferruginea,sdm,CR,Calidris ferruginea,E,Calidris ferruginea,CR,Calidris ferruginea
Calidris melanotos,sdm,,,R,Calidris melanotos,EN,Calidris melanotos
Calidris ruficollis,sdm,,,,,VU,Calidris ruficollis
Callitriche sonderi,sdm,,,R,Callitriche sonderi,RA,Callitriche sonderi
Calochilus paludosus,sdm,,,V,Calochilus paludosus,EN,Calochilus paludosus
Calotis cuneifolia,sdm,,,,,RA,Calotis cuneifolia
Calotis scabiosifolia,sdm,,,,,RA,Calotis scabiosifolia var. scabiosifolia
Cardamine paucijuga,sdm,,,R,Cardamine paucijuga,VU,Cardamine paucijuga
Carenum subcyaneum,ibra,,,,,,
Castiarina eyrensis,ibra,,,,,,
Castiarina macarthuri,ibra,,,,,,
Centipeda nidiformis,sdm,,,,,RA,Centipeda nidiformis
Centrolepis cephaloformis,ibra,,,R,Centrolepis cephaloformis ssp. cephaloformis,,
Ceratogyne obionoides,sdm,,,R,Ceratogyne obionoides,RA,Ceratogyne obionoides
Ceratophyllum demersum,sdm,,,R,Ceratophyllum demersum,RA,Ceratophyllum demersum
Charadrius veredus,ibra,,,,,RA,Charadrius veredus
Chlidonias leucopterus,sdm,,,,,VU,Chlidonias leucopterus
Choretrum chrysanthum,sdm,,,R,Choretrum chrysanthum,VU,Choretrum chrysanthum
Cicindela shetterlyi,ibra,,,,,,
Cicindela trichogena,ibra,,,,,,
Cicindela webbae,ibra,,,,,,
Citrus glauca,sdm,,,V,Citrus glauca,VU,Citrus glauca
Cladium procerum,sdm,,,R,Cladium procerum,RA,Cladium procerum
Cladorhynchus leucocephalus,sdm,,,V,Cladorhynchus leucocephalus,VU,Cladorhynchus leucocephalus
Climacteris affinis,sdm,,,R,Climacteris affinis,,
Codonocarpus pyramidalis,ibra,VU,Codonocarpus pyramidalis,E,Codonocarpus pyramidalis,VU,Codonocarpus pyramidalis
Commersonia craurophylla,ibra,,,V,Commersonia craurophylla,CR,Commersonia craurophylla
Commicarpus australis,sdm,,,,,RA,Commicarpus australis
Corcorax melanorhamphos,sdm,,,R,Corcorax melanorhamphos,,
Correa reflexa,ibra,,,,,RA,Correa reflexa var. reflexa
Coturnix ypsilophora,sdm,,,V,Coturnix ypsilophora australis,RA,Coturnix ypsilophora australis
Craspedia haplorrhiza,sdm,,,,,RA,Craspedia haplorrhiza
Crassula exserta,ibra,,,R,Crassula exserta,,
Crassula peduncularis,sdm,,,R,Crassula peduncularis,RA,Crassula peduncularis
Crassula sieberiana,sdm,,,E,Crassula sieberiana,VU,Crassula sieberiana
Craterocephalus stercusmuscarum,sdm,,,,,CR,Craterocephalus stercusmuscarum
Crinia flindersensis,sdm,,,,,RA,Crinia flindersensis
Cryptandra setifera,sdm,,,,,,
Cupedora lorioliana,ibra,,,,,,
Cupedora nottensis,ibra,,,,,,
Cupedora rufofasciata,sdm,,,,,,
Cuscuta tasmanica,sdm,,,V,Cuscuta tasmanica,VU,Cuscuta tasmanica
Cyperus bifax,sdm,,,R,Cyperus bifax,RA,Cyperus bifax
Cyperus lhotskyanus,ibra,,,R,Cyperus lhotskyanus,VU,Cyperus lhotskyanus
Cyphanthera albicans,ibra,,,,,,
Damasonium minus,sdm,,,,,RA,Damasonium minus
Daphoenositta chrysoptera,sdm,,,,,RA,Daphoenositta chrysoptera
Daviesia devito,ibra,,,R,Daviesia benthamii ssp. humilis,,
Dodonaea intricata,sdm,,,,,,
Dodonaea viscosa,sdm,,,,,RA,Dodonaea viscosa ssp. cuneata
Echiopsis curta,ibra,,,R,Echiopsis curta,RA,Echiopsis curta
Egretta garzetta,sdm,,,R,Egretta garzetta nigripes,RA,Egretta garzetta nigripes
Elachanthus glaber,ibra,,,R,Elachanthus glaber,VU,Elachanthus glaber
Elatine gratioloides,sdm,,,R,Elatine gratioloides,RA,Elatine gratioloides
Embadium johnstonii,ibra,,,R,Embadium johnstonii,RA,Embadium johnstonii
Embadium stagnense,ibra,,,R,Embadium stagnense,RA,Embadium stagnense
Embadium uncinatum,sdm,,,,,RA,Embadium uncinatum
Emblema pictum,ibra,,,R,Emblema pictum,RA,Emblema pictum
Emydura macquarii,sdm,,,V,Emydura macquarii,VU,Emydura macquarii
Enneapogon lindleyanus,ibra,,,,,RA,Enneapogon lindleyanus
Eragrostis lacunaria,sdm,,,R,Eragrostis lacunaria,,
Eremophila fallax,sdm,,,,,RA,Eremophila fallax
Eremophila gibbifolia,sdm,,,R,Eremophila gibbifolia,RA,Eremophila gibbifolia
Eremophila interstans,ibra,,,R,Eremophila interstans ssp. interstans,,
Eremophila oppositifolia,sdm,,,,,VU,Eremophila oppositifolia ssp. angustifolia
Eremophila pentaptera,sdm,,,R,Eremophila pentaptera,VU,Eremophila pentaptera
Eremophila platythamnos,sdm,,,,,RA,Eremophila platythamnos ssp. villosa
Eremophila polyclada,sdm,,,R,Eremophila polyclada,RA,Eremophila polyclada
Eremophila subfloccosa,sdm,,,R,Eremophila subfloccosa ssp. glandulosa,VU,Eremophila subfloccosa ssp. glandulosa
Eucalyptus calycogona,sdm,,,E,Eucalyptus calycogona ssp. spaffordii,EN,Eucalyptus calycogona ssp. spaffordii
Eucalyptus lansdowneana,sdm,,,,,VU,Eucalyptus lansdowneana
Falco hypoleucos,sdm,VU,Falco hypoleucos,R,Falco hypoleucos,EN,Falco hypoleucos
Falco peregrinus,sdm,,,R,Falco peregrinus macropus,RA,Falco peregrinus macropus
Falco subniger,sdm,,,R,Falco subniger,RA,Falco subniger
Falcunculus frontatus,sdm,,,R,Falcunculus frontatus frontatus,VU,Falcunculus frontatus frontatus
Frankenia cinerea,sdm,,,R,Frankenia cinerea,,
Frankenia plicata,epbc,EN,Frankenia plicata,V,Frankenia plicata,,
Frankenia subteres,sdm,,,R,Frankenia subteres,RA,Frankenia subteres
Galium australe,sdm,,,,,VU,Galium australe
Galium bulliformis,ibra,,,,,RA,Galium bulliformis
Gerygone fusca,sdm,,,R,Gerygone fusca,EN,Gerygone fusca fusca
Gilesia biniflora,sdm,,,R,Gilesia biniflora,,
Glossostigma cleistanthum,sdm,,,,,RA,Glossostigma cleistanthum
Glycine tabacina,sdm,,,V,Glycine tabacina,EN,Glycine tabacina
Gnaphalium diamantinense,ibra,,,,,RA,Gnaphalium diamantinense
Gnephosis drummondii,sdm,,,,,RA,Gnephosis drummondii
Goodenia benthamiana,ibra,,,R,Goodenia benthamiana,RA,Goodenia benthamiana
Goodenia lobata,sdm,,,,,RA,Goodenia lobata
Goodenia quasilibera,sdm,,,,,RA,Goodenia quasilibera
Gratwickia monochaeta,sdm,,,R,Gratwickia monochaeta,RA,Gratwickia monochaeta
Grevillea anethifolia,sdm,,,R,Grevillea anethifolia,RA,Grevillea anethifolia
Grevillea parallelinervis,sdm,,,,,RA,Grevillea parallelinervis
Gunniopsis calva,sdm,,,,,RA,Gunniopsis calva
Haeckeria cassiniiformis,sdm,,,R,Haeckeria cassiniiformis,RA,Haeckeria cassiniiformis
Haeckeria punctulata,sdm,,,,,RA,Haeckeria punctulata
Haliaeetus leucogaster,sdm,,,E,Haliaeetus leucogaster,EN,Haliaeetus leucogaster
Hamirostra melanosternon,ibra,,,R,Hamirostra melanosternon,RA,Hamirostra melanosternon
Hibbertia crispula,sdm,VU,Hibbertia crispula,V,Hibbertia crispula,RA,Hibbertia crispula
Hieraaetus morphnoides,sdm,,,V,Hieraaetus morphnoides,VU,Hieraaetus morphnoides
Hylacola cauta,sdm,,,R,Hylacola cauta cauta,RA,Hylacola cauta cauta
Hypotaenidia philippensis,sdm,,,,,RA,Gallirallus philippensis mellori
Indigofera australis,sdm,,,,,RA,Indigofera australis ssp. australis
Indigofera australis,sdm,,,,,RA,Indigofera australis ssp. hesperia
Isolepis stellata,sdm,,,,,RA,Isolepis stellata
Kobonga godingi,ibra,,,,,,
Lasioglossum oblitum,ibra,,,,,,
Lawrencia berthae,ibra,,,R,Lawrencia berthae,RA,Lawrencia berthae
Leipoa ocellata,sdm,VU,Leipoa ocellata,V,Leipoa ocellata,VU,Leipoa ocellata
Leptorhynchos melanocarpus,ibra,,,V,Leptorhynchos melanocarpus,VU,Leptorhynchos melanocarpus
Leptorhynchos scaber,sdm,,,R,Leptorhynchos scaber,VU,Leptorhynchos scaber
Lerista distinguenda,sdm,,,R,Lerista distinguenda,RA,Lerista distinguenda
Levenhookia stipitata,sdm,,,R,Levenhookia stipitata,RA,Levenhookia stipitata
Lichenostigma rugosum,ibra,,,,,,
Lichenostomus cratitius,sdm,,,R,Lichenostomus cratitius occidentalis,RA,Lichenostomus cratitius occidentalis
Limosella curdieana,sdm,,,,,RA,Limosella curdieana var. curdieana
Lobelia cleistogamoides,sdm,,,R,,,
Lobelia heterophylla,sdm,,,R,Lobelia heterophylla,,
Lophochroa leadbeateri,sdm,,,R,Lophochroa leadbeateri,RA,Lophochroa leadbeateri mollis
Lophoictinia isura,sdm,,,E,Lophoictinia isura,CR,Lophoictinia isura
Lycopus australis,sdm,,,,,RA,Lycopus australis
Lythrum paradoxum,sdm,,,,,RA,Lythrum paradoxum
Maireana cannonii,sdm,,,,,RA,Maireana cannonii
Maireana carnosa,sdm,,,,,RA,Maireana carnosa
Maireana excavata,ibra,,,V,Maireana excavata,VU,Maireana excavata
Maireana rohrlachii,ibra,,,R,Maireana rohrlachii,,
Maireana suaedifolia,sdm,,,R,Maireana suaedifolia,RA,Maireana suaedifolia
Malacocera gracilis,sdm,,,V,Malacocera gracilis,RA,Malacocera gracilis
Malva preissiana,sdm,,,,,RA,Malva preissiana
Melaleuca armillaris,sdm,,,R,Melaleuca armillaris ssp. akineta,,
Melaleuca leiocarpa,sdm,,,R,Melaleuca leiocarpa,RA,Melaleuca leiocarpa
Melaleuca oxyphylla,sdm,,,R,Melaleuca oxyphylla,RA,Melaleuca oxyphylla
Melanodryas cucullata,sdm,EN,Melanodryas cucullata cucullata,R,Melanodryas cucullata cucullata,VU,Melanodryas cucullata cucullata
Microlepidium pilosulum,sdm,,,R,Microlepidium pilosulum,,
Morelia imbricata,ibra,,,,,RA,"	Morelia imbricata"
Morelia spilota,sdm,,,R,Morelia spilota,RA,Morelia spilota
Myiagra inquieta,sdm,,,R,Myiagra inquieta,RA,Myiagra inquieta
Myotis macropus,sdm,,,E,Myotis macropus,RA,Myotis macropus
Myriocephalus rhizocephalus,sdm,,,,,RA,Myriocephalus rhizocephalus
Myriophyllum crispatum,sdm,,,V,Myriophyllum crispatum,VU,Myriophyllum crispatum
Neolaemosaccus electilis,ibra,,,,,,
Neophema chrysostoma,sdm,VU,Neophema chrysostoma,V,Neophema chrysostoma,RA,Neophema chrysostoma
Neophema elegans,sdm,,,R,Neophema elegans elegans,VU,Neophema elegans elegans
Neophema splendida,sdm,,,R,Neophema splendida,RA,Neophema splendida
Nephrurus deleani,ibra,,,R,Nephrurus deleani,RA,Nephrurus deleani
Nicotiana Corunna,ibra,,,,,VU,Nicotiana sp. Corunna (D.E.Symon 17088)
Nicotiana rosulata,ibra,,,,,RA,Nicotiana rosulata ssp. rosulata
Nymphoides crenata,sdm,,,R,Nymphoides crenata,VU,Nymphoides crenata
Oedura cincta,sdm,,,R,Oedura cincta,RA,Oedura cincta
Olearia adenolasia,sdm,,,R,Olearia adenolasia,VU,Olearia adenolasia
Olearia picridifolia,sdm,,,R,Olearia picridifolia,RA,Olearia picridifolia
Ophioglossum polyphyllum,sdm,,,R,Ophioglossum polyphyllum,,
Orobanche cernua,sdm,,,R,Orobanche cernua var. australiana,RA,Orobanche cernua var. australiana
Osteocarpum acropterum,sdm,,,R,Osteocarpum acropterum var. deminutum,,
Oxyura australis,sdm,,,R,Oxyura australis,VU,Oxyura australis
Pachycephala inornata,sdm,,,R,Pachycephala inornata,,
Pandion haliaetus,ibra,,,E,Pandion haliaetus cristatus,EN,Pandion haliaetus cristatus
Pardosa pexa,ibra,,,,,,
Parvipsitta porphyrocephala,sdm,,,,,RA,Parvipsitta porphyrocephala
Pedionomus torquatus,sdm,CR,Pedionomus torquatus,E,Pedionomus torquatus,EN,Pedionomus torquatus
Petrogale xanthopus,sdm,VU,Petrogale xanthopus xanthopus,V,Petrogale xanthopus,,
Petroica boodang,sdm,,,R,Petroica boodang boodang,VU,Petroica boodang boodang
Philotheca angustifolia,sdm,,,R,Philotheca angustifolia ssp. angustifolia,,
Philotheca linearis,sdm,,,,,,
Phlegmatospermum eremaeum,sdm,,,R,Phlegmatospermum eremaeum,RA,Phlegmatospermum eremaeum
Phyllangium sulcatum,sdm,,,V,Phyllangium sulcatum,RA,Phyllangium sulcatum
Phyllanthus oblanceolatus,ibra,,,,,RA,Phyllanthus oblanceolatus
Plantago debilis,sdm,,,,,RA,Plantago debilis
Platalea flavipes,sdm,,,,,RA,Platalea flavipes
Plegadis falcinellus,sdm,,,R,Plegadis falcinellus,RA,Plegadis falcinellus
Poa fordeana,sdm,,,,,RA,Poa fordeana
Podiceps cristatus,sdm,,,R,Podiceps cristatus australis,,
Podolepis decipiens,ibra,,,R*,,,
Podolepis jaceoides,sdm,,,R,Podolepis jaceoides,,
Podolepis longipedata,ibra,,,,,RA,Podolepis longipedata
Podolepis muelleri,sdm,,,V,Podolepis muelleri,VU,Podolepis muelleri
Pogonus perovalis,ibra,,,,,,
Pomaderris flabellaris,ibra,,,,,,
Prasophyllum occidentale,sdm,,,,,RA,Prasophyllum occidentale
Prostanthera florifera,sdm,,,,,RA,Prostanthera florifera
Pseudaphritis urvillii,sdm,,,,,RA,Pseudaphritis urvillii
Pseudomys australis,sdm,VU,Pseudomys australis,V,Pseudomys australis,,
Pteris tremula,sdm,,,R,Pteris tremula,RA,Pteris tremula
Pterocaulon serrulatum,ibra,,,,,RA,Pterocaulon serrulatum var. velutinum
Pterostylis biseta,sdm,,,,,RA,Pterostylis biseta
Pterostylis boormanii,sdm,,,,,RA,Pterostylis boormanii
Pterostylis cycnocephala,sdm,,,,,RA,Pterostylis cycnocephala
Pterostylis mirabilis,epbc,VU,Pterostylis mirabilis,V,Pterostylis mirabilis,VU,Pterostylis mirabilis
Pterostylis ovata,sdm,,,,,RA,Pterostylis ovata
Pterostylis xerophila,sdm,VU,Pterostylis xerophila,V,Pterostylis xerophila,EN,Pterostylis xerophila
Ptilotus parvifolius,sdm,,,,,RA,Ptilotus parvifolius
Pycnosorus chrysanthus,sdm,,,E,Pycnosorus chrysanthes,CR,Pycnosorus chrysanthes
Ranunculus pumilio,ibra,,,V,Ranunculus pumilio var. politus,VU,Ranunculus pumilio var. politus
Ranunculus sessiliflorus,sdm,,,V,Ranunculus sessiliflorus var. pilulifer,VU,Ranunculus sessiliflorus var. pilulifer
Rhodanthe oppositifolia,ibra,,,V,Rhodanthe oppositifolia ssp. oppositifolia,VU,Rhodanthe oppositifolia ssp. oppositifolia
Rhodanthe troedelii,sdm,,,,,RA,Rhodanthe troedelii
Roepera humillima,ibra,,,R,Roepera humillima,,
Rorippa eustylis,sdm,,,,,RA,Rorippa eustylis
Rostratula australis,sdm,EN,Rostratula australis,E,Rostratula australis,EN,Rostratula australis
Rumex tenax,sdm,,,,,RA,Rumex tenax
Saccolaimus flaviventris,sdm,,,R,Saccolaimus flaviventris,,
Santalum spicatum,sdm,,,V,Santalum spicatum,RA,Santalum spicatum
Scambopus curvipes,ibra,,,,,RA,Scambopus curvipes
Scleroblitum atriplicinum,ibra,,,,,RA,Scleroblitum atriplicinum
Sclerolaena bicuspis,ibra,,,,,RA,Sclerolaena bicuspis
Senecio cunninghamii,sdm,,,,,VU,Senecio cunninghamii var. cunninghamii
Senecio cunninghamii,sdm,,,,,RA,Senecio cunninghamii var. flindersensis
Senecio eremicola,sdm,,,,,RA,Senecio eremicola
Senecio gawlerensis,sdm,,,R,Senecio gawlerensis,RA,Senecio gawlerensis
Senecio laceratus,sdm,,,R,Senecio laceratus,RA,Senecio laceratus
Senna cardiosperma,sdm,,,,,RA,Senna cardiosperma ssp. cardiosperma
Senna planitiicola,sdm,,,,,RA,Senna planitiicola
Sinumelon bitaeniata,sdm,,,,,,
Sinumelon flindersi,ibra,,,,,,
Sinumelon gawleri,ibra,,,,,,
Sinumelon petum,sdm,,,,,,
Smardaea australis,ibra,,,,,,
Sminthopsis psammophila,sdm,EN,Sminthopsis psammophila,V,Sminthopsis psammophila,VU,Sminthopsis psammophila
Spatula rhynchotis,sdm,,,R,Spatula rhynchotis,RA,Spatula rhynchotis
Spyridium bifidum,sdm,,,V,Spyridium bifidum ssp. bifidum,VU,Spyridium bifidum ssp. bifidum
Stackhousia megaloptera,sdm,,,,,RA,Stackhousia megaloptera
Stagonopleura guttata,sdm,VU,Stagonopleura guttata,V,Stagonopleura guttata,VU,Stagonopleura guttata
Stenanthemum arens,sdm,,,R,Stenanthemum arens,RA,Stenanthemum arens
Stictonetta naevosa,sdm,,,V,Stictonetta naevosa,,
Swainsona colutoides,sdm,,,,,RA,Swainsona colutoides
Swainsona fuscoviridis,ibra,,,R,Swainsona fuscoviridis,RA,Swainsona fuscoviridis
Swainsona microcalyx,sdm,,,R,Swainsona microcalyx,RA,Swainsona microcalyx
Swainsona pyrophila,sdm,VU,Swainsona pyrophila,R,Swainsona pyrophila,RA,Swainsona pyrophila
Swainsona tephrotricha,sdm,,,,,RA,Swainsona tephrotricha
Syrdenoidius spinipes,ibra,,,,,,
Tandanus tandanus,sdm,,,,,EN,Tandanus tandanus
Tecticornia calyptrata,sdm,,,,,VU,Tecticornia calyptrata
Tecticornia halocnemoides,sdm,,,,,RA,Tecticornia halocnemoides ssp. tenuis
Tecticornia lylei,sdm,,,,,RA,Tecticornia lylei
Tecticornia triandra,sdm,,,,,RA,Tecticornia triandra
Temognatha pascoei,ibra,,,,,,
Thelymitra nuda,sdm,,,,,RA,Thelymitra nuda
Thysanotus tenellus,sdm,,,R,Thysanotus tenellus,RA,Thysanotus tenellus
Trichosurus vulpecula,sdm,,,R,Trichosurus vulpecula,RA,Trichosurus vulpecula
Tringa nebularia,sdm,EN,Tringa nebularia,,,,
Trymalium wayi,sdm,,,,,,
Turnix pyrrhothorax,sdm,,,R,Turnix pyrrhothorax,RA,Turnix pyrrhothorax
Turnix varius,sdm,,,R,Turnix varius varius,RA,Turnix varius varius
Tympanocryptis tolleyi,sdm,,,,,,
Varanus varius,sdm,,,R,Varanus varius,RA,Varanus varius
Velleia paradoxa,sdm,,,,,RA,Velleia paradoxa
Vermicella annulata,sdm,,,R,Vermicella annulata,RA,Vermicella annulata
Vittadinia arida,sdm,,,,,RA,Vittadinia arida
Vittadinia australasica,sdm,,,V,Vittadinia australasica var. oricola,,
Wahlenbergia gracilis,sdm,,,,,RA,Wahlenbergia gracilis
Wurmbea centralis,sdm,,,,,RA,Wurmbea centralis
Wurmbea decumbens,sdm,,,R,Wurmbea decumbens,,
Wurmbea stellata,ibra,,,R,Wurmbea stellata,,
Xanthoparmelia ferruma,ibra,,,,,,
Xerochrysum hispidum,ibra,,,,,,
Zapornia tabuensis,sdm,,,R,,,
